corp_code,bsns_year,rcept_no,status,n_fields_found,composite_current,composite_original,is_flagged_original,original_accounts_json,top_contributors_original
00104698,2024,20250319001010,정상,12,10.716471280891815,10.65886094458847,1,"{""revenue"": 1933813959649.0, ""cogs"": 1650128917846.0, ""operating_income"": 25619240717.0, ""sga"": 258065801086.0, ""interest_expense"": 25501802767.0, ""net_income"": -31890828301.0, ""trade_receivables"": 32899634646.0, ""inventory"": 93467799320.0, ""total_assets"": 9601505118160.0, ""total_liabilities"": 8670672911334.0, ""total_equity"": 930832206826.0, ""operating_cf"": -777178453615.0}","[[""revenue_growth"", 13.727871524678681], [""receivables_turnover"", 10.397177040265412], [""debt_ratio"", 7.851534268821317]]"
00105101,2025,20260310002563,정상,12,5.1299033368842055,5.424818334402204,1,"{""revenue"": 1327599497000.0, ""cogs"": 1071473292000.0, ""operating_income"": 111715072000.0, ""sga"": 144411133000.0, ""interest_expense"": 12456829000.0, ""net_income"": 86715394000.0, ""trade_receivables"": 211463271000.0, ""inventory"": 1669597000.0, ""total_assets"": 1557662126000.0, ""total_liabilities"": 912265659000.0, ""total_equity"": 645396467000.0, ""operating_cf"": -70997876000.0}","[[""inventory_turnover"", 13.652803922466553], [""interest_coverage"", 1.592514574144936], [""oi_cfo_gap_ratio"", 1.029136506595124]]"
00109806,2021,20220321001521,정상,12,7.677437816108281,7.677437816108281,1,"{""revenue"": 226606277092.0, ""cogs"": 188771720430.0, ""operating_income"": 13578850935.0, ""sga"": 24255705727.0, ""interest_expense"": 143510810.0, ""net_income"": -3063083815.0, ""trade_receivables"": 51625095827.0, ""inventory"": 44541153820.0, ""total_assets"": 351874250938.0, ""total_liabilities"": 74842756530.0, ""total_equity"": 277031494408.0, ""operating_cf"": -10858345441.0}","[[""interest_coverage"", 20.00816107797098], [""oi_cfo_gap_ratio"", 1.9219894053936286], [""total_accruals_ratio"", 1.1021629649602371]]"
00111218,2025,20260323001731,정상,12,5.963793068850664,5.53833664813681,1,"{""revenue"": 27787097614.0, ""cogs"": 22089759877.0, ""operating_income"": -4267410006.0, ""sga"": 9964747743.0, ""interest_expense"": 6883896312.0, ""net_income"": -25587129332.0, ""trade_receivables"": 4253083496.0, ""inventory"": 129140440041.0, ""total_assets"": 302089443402.0, ""total_liabilities"": 287980118906.0, ""total_equity"": 14109324496.0, ""operating_cf"": -11701200606.0}","[[""debt_ratio"", 7.777766839765023], [""receivables_turnover"", -5.897598025700734], [""sga_ratio"", 2.9396450789446753]]"
00114154,2021,20220321001333,정상,12,7.946937862344886,7.946937862344886,1,"{""revenue"": 1348236914736.0, ""cogs"": 1319859711624.0, ""operating_income"": 6261100580.0, ""sga"": 22116102532.0, ""interest_expense"": 3529673525.0, ""net_income"": 1602088914.0, ""trade_receivables"": 191650573155.0, ""inventory"": 15180082688.0, ""total_assets"": 523564265414.0, ""total_liabilities"": 459786677968.0, ""total_equity"": 63777587446.0, ""operating_cf"": 37206113382.0}","[[""inventory_turnover"", 18.988888143603397], [""debt_ratio"", 3.378300669457927], [""sga_ratio"", -1.4736247739733346]]"
00117708,2022,20230323001389,정상,10,17.177616580668715,17.278117734555135,1,"{""revenue"": 647773386850.0, ""cogs"": 588435927509.0, ""operating_income"": 59337459341.0, ""sga"": null, ""interest_expense"": null, ""net_income"": 31981177201.0, ""trade_receivables"": 2868433185.0, ""inventory"": 1621178856.0, ""total_assets"": 1209091092275.0, ""total_liabilities"": 782639271893.0, ""total_equity"": 426451820382.0, ""operating_cf"": 147248412557.0}","[[""inventory_turnover"", 29.760471556649673], [""receivables_turnover"", 20.076628857591295], [""oi_cfo_gap_ratio"", -1.9972527894244398]]"
00117966,2023,20240321001243,정상,12,21.751217278102924,21.69991664414321,1,"{""revenue"": 736557428431.0, ""cogs"": 681982025763.0, ""operating_income"": 30000134277.0, ""sga"": 24575268391.0, ""interest_expense"": 193742343.0, ""net_income"": 42550272755.0, ""trade_receivables"": 179345350083.0, ""inventory"": 662493577623.0, ""total_assets"": 1430301878907.0, ""total_liabilities"": 394698273429.0, ""total_equity"": 1035603605478.0, ""operating_cf"": -75591044350.0}","[[""interest_coverage"", -62.415830878500934], [""total_accruals_ratio"", 1.4544554538223533], [""oi_cfo_gap_ratio"", 1.2294636001063446]]"
00125646,2023,20240321001591,정상,12,10.509626262155123,10.567779740759372,1,"{""revenue"": 439386985136.0, ""cogs"": 275602659818.0, ""operating_income"": 124131729083.0, ""sga"": 39652596235.0, ""interest_expense"": 1337839147.0, ""net_income"": 119380219211.0, ""trade_receivables"": 48540485898.0, ""inventory"": 41175558451.0, ""total_assets"": 740156523219.0, ""total_liabilities"": 165168410431.0, ""total_equity"": 574988112788.0, ""operating_cf"": 92156115495.0}","[[""interest_coverage"", 28.85131017785413], [""operating_margin"", 1.4376621363362383], [""gp_margin"", 1.4143669080877463]]"
00126089,2024,20250401000004,정상,12,24.839423891719193,26.58673294276554,1,"{""revenue"": 32380378302.0, ""cogs"": 29898239308.0, ""operating_income"": -7329386510.0, ""sga"": 9811525504.0, ""interest_expense"": 10420547031.0, ""net_income"": 116164342504.0, ""trade_receivables"": 11244410243.0, ""inventory"": 1436567044.0, ""total_assets"": 69586035922.0, ""total_liabilities"": 42226666124.0, ""total_equity"": 27359369798.0, ""operating_cf"": -11441313751.0}","[[""total_accruals_ratio"", 66.51327743952272], [""oi_cfo_gap_ratio"", 8.50945134207217], [""operating_margin"", 4.737470046701732]]"
00126089,2025,20260331004983,정상,10,5.532257854952426,7.3235702418644815,1,"{""revenue"": 40170942353.0, ""cogs"": 31512587077.0, ""operating_income"": 3227554944.0, ""sga"": 5430800332.0, ""interest_expense"": null, ""net_income"": 6452844080.0, ""trade_receivables"": 4557195968.0, ""inventory"": null, ""total_assets"": 51227285240.0, ""total_liabilities"": 19126231020.0, ""total_equity"": 32101054220.0, ""operating_cf"": 6030528715.0}","[[""total_accruals_ratio"", -15.139166450255114], [""operating_margin"", 4.634637147027082], [""revenue_growth"", 2.1969071283112482]]"
00126201,2025,20260319001154,정상,11,5.289709307627658,5.070285951107087,1,"{""revenue"": 117736352607.0, ""cogs"": 103294223383.0, ""operating_income"": 3245098937.0, ""sga"": null, ""interest_expense"": 4712533276.0, ""net_income"": 7239547064.0, ""trade_receivables"": 14310311434.0, ""inventory"": 14068571191.0, ""total_assets"": 334084121584.0, ""total_liabilities"": 39214036160.0, ""total_equity"": 294870085424.0, ""operating_cf"": 15381753261.0}","[[""interest_coverage"", -14.418619777638968], [""operating_margin"", -0.4010289454629996], [""debt_ratio"", -0.3912091302192929]]"
00140052,2024,20250305000056,정상,12,5.8560676558939155,5.885315266904702,1,"{""revenue"": 325991852047.0, ""cogs"": 115967135847.0, ""operating_income"": 66235236205.0, ""sga"": 143789479995.0, ""interest_expense"": 948158965.0, ""net_income"": 65909216013.0, ""trade_receivables"": 22773930623.0, ""inventory"": 28708370577.0, ""total_assets"": 782444291372.0, ""total_liabilities"": 75722970626.0, ""total_equity"": 706721320746.0, ""operating_cf"": 75128613349.0}","[[""interest_coverage"", 15.290358144707069], [""gp_margin"", 1.2076959972028176], [""receivables_turnover"", 1.157891658804222]]"
00141671,2022,20230321001549,정상,11,5.065663883827644,5.065663883827644,1,"{""revenue"": 190089490987.0, ""cogs"": 120050278552.0, ""operating_income"": 14174513859.0, ""sga"": 55864698576.0, ""interest_expense"": 119979809.0, ""net_income"": 12286184879.0, ""trade_receivables"": 25452433410.0, ""inventory"": null, ""total_assets"": 214448418993.0, ""total_liabilities"": 107886928424.0, ""total_equity"": 106561490569.0, ""operating_cf"": 19183817636.0}","[[""interest_coverage"", 14.47256232908581], [""receivables_turnover"", 0.4409298406134989], [""gp_margin"", 0.28349948178362466]]"
00145437,2023,20240320001843,정상,12,4.721732881313318,4.536043673631475,0,"{""revenue"": 6883461279.0, ""cogs"": 7311840133.0, ""operating_income"": -10352386041.0, ""sga"": 9924007187.0, ""interest_expense"": 6426410192.0, ""net_income"": -25921087032.0, ""trade_receivables"": 1840766520.0, ""inventory"": 0.0, ""total_assets"": 48534629654.0, ""total_liabilities"": 22163675992.0, ""total_equity"": 26370953662.0, ""operating_cf"": -10679620576.0}","[[""sga_ratio"", 6.244742467543839], [""operating_margin"", -4.9392892018718575], [""total_accruals_ratio"", -2.4240993514787297]]"
00147222,2025,20260319000974,정상,12,7.309464110070571,7.391735116512947,1,"{""revenue"": 40776455996.0, ""cogs"": 43860825343.0, ""operating_income"": -7314924674.0, ""sga"": 4230555327.0, ""interest_expense"": 89673419.0, ""net_income"": 29808576772.0, ""trade_receivables"": 4697051000.0, ""inventory"": 35813132528.0, ""total_assets"": 237363693514.0, ""total_liabilities"": 9867204035.0, ""total_equity"": 227496489479.0, ""operating_cf"": -8523380535.0}","[[""interest_coverage"", -18.536462880422157], [""total_accruals_ratio"", 2.4625310089510712], [""operating_margin"", -1.1762114601656097]]"
00153861,2023,20240320001781,정상,12,5.991863585322605,4.442667405198249,0,"{""revenue"": 3371117789921.0, ""cogs"": 3077727858267.0, ""operating_income"": -45110972558.0, ""sga"": 338500904212.0, ""interest_expense"": 199664307209.0, ""net_income"": -1579398502150.0, ""trade_receivables"": 913312660363.0, ""inventory"": 626865718176.0, ""total_assets"": 5281235960259.0, ""total_liabilities"": 5842979816295.0, ""total_equity"": -561743856036.0, ""operating_cf"": -328470854522.0}","[[""debt_ratio"", -8.70156147460399], [""total_accruals_ratio"", -3.231058113408697], [""sga_ratio"", 1.395382627582061]]"
00155586,2025,20260313000003,정상,12,5.239659948377324,5.2553542486295495,1,"{""revenue"": 32263951723.0, ""cogs"": 27914222605.0, ""operating_income"": -37551092502.0, ""sga"": 41900821620.0, ""interest_expense"": 3028639374.0, ""net_income"": -33653431304.0, ""trade_receivables"": 4965344377.0, ""inventory"": 8602933781.0, ""total_assets"": 268750045052.0, ""total_liabilities"": 47429788100.0, ""total_equity"": 221320256952.0, ""operating_cf"": -30082499698.0}","[[""operating_margin"", -7.96754871376575], [""sga_ratio"", 5.450448299316086], [""interest_coverage"", -2.3480657328068117]]"
00156691,2025,20260318001058,정상,12,7.129968121301673,7.129968121301673,1,"{""revenue"": 663192785932.0, ""cogs"": 578831297651.0, ""operating_income"": 47014830454.0, ""sga"": 37346657827.0, ""interest_expense"": 862508384.0, ""net_income"": 40545958975.0, ""trade_receivables"": 81246320850.0, ""inventory"": 9285076824.0, ""total_assets"": 529463499338.0, ""total_liabilities"": 124307050696.0, ""total_equity"": 405156448642.0, ""operating_cf"": 19856309761.0}","[[""interest_coverage"", 17.236050054364558], [""oi_cfo_gap_ratio"", 2.1069841962918603], [""total_accruals_ratio"", 2.046870113248601]]"
00156956,2021,20220321000571,정상,10,33.490124120831446,33.490124120831446,1,"{""revenue"": 104519672283.0, ""cogs"": null, ""operating_income"": 36219070401.0, ""sga"": 68300601882.0, ""interest_expense"": 26628154.0, ""net_income"": 26749657899.0, ""trade_receivables"": 7801358978.0, ""inventory"": null, ""total_assets"": 161338066780.0, ""total_liabilities"": 40736021846.0, ""total_equity"": 120602044934.0, ""operating_cf"": 33586176333.0}","[[""interest_coverage"", 98.09929331272143], [""sga_ratio"", 1.4664521924639249], [""debt_ratio"", -0.9046268573089877]]"
00159193,2022,20230320001084,정상,12,9.293088145563036,9.293088145563036,1,"{""revenue"": 71257863000000.0, ""cogs"": 100903594000000.0, ""operating_income"": -32655153000000.0, ""sga"": 3009422000000.0, ""interest_expense"": 4746791000000.0, ""net_income"": -24429108000000.0, ""trade_receivables"": 10461822000000.0, ""inventory"": 9930732000000.0, ""total_assets"": 234804994000000.0, ""total_liabilities"": 192804738000000.0, ""total_equity"": 42000256000000.0, ""operating_cf"": -23477500000000.0}","[[""operating_margin"", -16.706912443066074], [""gp_margin"", -7.983313193810667], [""interest_coverage"", -3.1890387998123697]]"
00159209,2025,20260323000234,정상,11,6.687270406482367,6.687270406482367,1,"{""revenue"": 518767621092.0, ""cogs"": 406086043270.0, ""operating_income"": 35452646024.0, ""sga"": 77228931798.0, ""interest_expense"": 134486001.0, ""net_income"": 85367742275.0, ""trade_receivables"": 17978824000.0, ""inventory"": null, ""total_assets"": 885545457188.0, ""total_liabilities"": 260579274324.0, ""total_equity"": 624966182864.0, ""operating_cf"": 29316127878.0}","[[""interest_coverage"", -18.466989842278338], [""total_accruals_ratio"", 0.8165065436140719], [""debt_ratio"", -0.778314833554692]]"
00164742,2021,20220316001052,정상,11,6.583039400034643,6.583039400034643,1,"{""revenue"": 117610626000000.0, ""cogs"": 95680131000000.0, ""operating_income"": 6678949000000.0, ""sga"": 15251546000000.0, ""interest_expense"": 548410000000.0, ""net_income"": null, ""trade_receivables"": 3147296000000.0, ""inventory"": 11645641000000.0, ""total_assets"": 233946415000000.0, ""total_liabilities"": 151330626000000.0, ""total_equity"": 82615789000000.0, ""operating_cf"": -1176416000000.0}","[[""receivables_turnover"", 14.825844165027245], [""interest_coverage"", 3.7625559218556845], [""gp_margin"", 1.1607181132209996]]"
00170877,2021,20220318001079,정상,12,7.532427387725778,7.532427387725778,1,"{""revenue"": 90344610305.0, ""cogs"": 75041648014.0, ""operating_income"": 11348953189.0, ""sga"": 3954009102.0, ""interest_expense"": 72034705.0, ""net_income"": 9529144075.0, ""trade_receivables"": 17507807553.0, ""inventory"": 16027486557.0, ""total_assets"": 94877084135.0, ""total_liabilities"": 15683480445.0, ""total_equity"": 79193603690.0, ""operating_cf"": 8788043714.0}","[[""interest_coverage"", 17.979388159016164], [""gp_margin"", -2.4847063772101268], [""sga_ratio"", -2.133187626951041]]"
00176914,2023,20240320001719,정상,12,10.558434312733997,10.172180341006921,1,"{""revenue"": 9855141797134.0, ""cogs"": 8625638689171.0, ""operating_income"": 639880017159.0, ""sga"": 589623090804.0, ""interest_expense"": 12028911435.0, ""net_income"": 490015745774.0, ""trade_receivables"": 61599936324.0, ""inventory"": 774992793.0, ""total_assets"": 53342459330150.0, ""total_liabilities"": 47791926295211.0, ""total_equity"": 5550533034939.0, ""operating_cf"": -2049758439316.0}","[[""inventory_turnover"", 21.389539868248075], [""debt_ratio"", 7.7022854432713865], [""receivables_turnover"", 1.4247157115013025]]"
00180865,2022,20230322001167,정상,12,5.125714423173505,5.052749922953063,1,"{""revenue"": 8348605577.0, ""cogs"": 6132235835.0, ""operating_income"": -6474345726.0, ""sga"": 8690715468.0, ""interest_expense"": 7985785953.0, ""net_income"": -15192557773.0, ""trade_receivables"": 10108423410.0, ""inventory"": 1601096982.0, ""total_assets"": 82927763581.0, ""total_liabilities"": 23066897644.0, ""total_equity"": 59860865937.0, ""operating_cf"": -11347175039.0}","[[""operating_margin"", -8.964067886106315], [""sga_ratio"", 3.5118414361136616], [""revenue_growth"", -2.682340446639211]]"
00180865,2023,20240320001267,정상,12,4.7972164414588905,4.92923284785921,1,"{""revenue"": 11308943767.0, ""cogs"": 9471902612.0, ""operating_income"": -13071378512.0, ""sga"": 14908419667.0, ""interest_expense"": 9664307503.0, ""net_income"": -32501586699.0, ""trade_receivables"": 6387522347.0, ""inventory"": 1012871674.0, ""total_assets"": 66082716379.0, ""total_liabilities"": 6333663136.0, ""total_equity"": 59749053243.0, ""operating_cf"": -7492402137.0}","[[""operating_margin"", -8.216334940665439], [""total_accruals_ratio"", -3.4917276684655905], [""sga_ratio"", 3.079635934446601]]"
00185046,2021,20220323000859,정상,12,9.862421535660669,9.862421535660669,1,"{""revenue"": 139748707149.0, ""cogs"": 94923568537.0, ""operating_income"": 1233965509.0, ""sga"": 43591173103.0, ""interest_expense"": 1514147017.0, ""net_income"": -8761771980.0, ""trade_receivables"": 101769505877.0, ""inventory"": 293924267.0, ""total_assets"": 321582530988.0, ""total_liabilities"": 222196775618.0, ""total_equity"": 99385755370.0, ""operating_cf"": 5685642463.0}","[[""inventory_turnover"", 26.530925639207112], [""debt_ratio"", 1.9305762657337107], [""receivables_turnover"", -1.125762702041185]]"
00186939,2025,20260323001285,정상,12,11.401809413604653,4.0198560674134365,0,"{""revenue"": 149021253222.0, ""cogs"": 169586828290.0, ""operating_income"": -31645095019.0, ""sga"": 11079519951.0, ""interest_expense"": 2913862083.0, ""net_income"": -18207454391.0, ""trade_receivables"": 1728977300.0, ""inventory"": 6629017190.0, ""total_assets"": 195070766176.0, ""total_liabilities"": 107120955829.0, ""total_equity"": 87949810347.0, ""operating_cf"": 19310447090.0}","[[""receivables_turnover"", -5.233548743119388], [""oi_cfo_gap_ratio"", -3.601093282146534], [""gp_margin"", -3.224926176974389]]"
00204642,2022,20230315001317,정상,12,7.962899290833541,7.962899290833541,1,"{""revenue"": 42483287221.0, ""cogs"": 30595549695.0, ""operating_income"": 4052343613.0, ""sga"": 7835393913.0, ""interest_expense"": 8406533.0, ""net_income"": 4927772175.0, ""trade_receivables"": 15953890237.0, ""inventory"": 0.0, ""total_assets"": 128738301479.0, ""total_liabilities"": 7146543184.0, ""total_equity"": 121591758295.0, ""operating_cf"": -2077605704.0}","[[""interest_coverage"", 22.150660642431255], [""revenue_growth"", -0.9994076242512121], [""oi_cfo_gap_ratio"", 0.7386296058181593]]"
00204642,2024,20250320000674,정상,11,11.057918736007478,10.939740822998523,1,"{""revenue"": 40284018896.0, ""cogs"": 33382663716.0, ""operating_income"": 1456314716.0, ""sga"": 5445040464.0, ""interest_expense"": 19116023.0, ""net_income"": 3802312247.0, ""trade_receivables"": 15442675024.0, ""inventory"": null, ""total_assets"": 135621536292.0, ""total_liabilities"": 7645164007.0, ""total_equity"": 127976372285.0, ""operating_cf"": 10600621174.0}","[[""interest_coverage"", -30.83899847567047], [""revenue_growth"", -1.435932169494146], [""oi_cfo_gap_ratio"", -0.5442918238309522]]"
00231372,2021,20220317000948,정상,11,12.32336047349626,12.32336047349626,1,"{""revenue"": 107071758778.0, ""cogs"": 238322024871.0, ""operating_income"": -131250266093.0, ""sga"": null, ""interest_expense"": 71796231902.0, ""net_income"": -200695718343.0, ""trade_receivables"": 2551877845.0, ""inventory"": 6636477060.0, ""total_assets"": 1302424556614.0, ""total_liabilities"": 1249736890563.0, ""total_equity"": 52687666051.0, ""operating_cf"": -50901377865.0}","[[""debt_ratio"", 17.934541902365225], [""gp_margin"", -15.76712238835905], [""receivables_turnover"", 3.268417129764504]]"
00232007,2021,20220323001270,정상,12,13.874376553573535,15.46534606518951,1,"{""revenue"": 22352990038.0, ""cogs"": 16492056971.0, ""operating_income"": -14673269825.0, ""sga"": 20534202892.0, ""interest_expense"": 42702793050.0, ""net_income"": -39496543184.0, ""trade_receivables"": 13040188563.0, ""inventory"": 35741970932.0, ""total_assets"": 134685844415.0, ""total_liabilities"": 77338625494.0, ""total_equity"": 57347218921.0, ""operating_cf"": 2737745376.0}","[[""sga_ratio"", 31.47188726751716], [""operating_margin"", -11.427465587648175], [""gp_margin"", 3.496685340403191]]"
00232007,2024,20250321001587,정상,12,12.82933709246705,12.908376146601043,1,"{""revenue"": 20428414745.0, ""cogs"": 23631234570.0, ""operating_income"": -21767056471.0, ""sga"": 18564236646.0, ""interest_expense"": 12023006664.0, ""net_income"": -26742551168.0, ""trade_receivables"": 58389473383.0, ""inventory"": 68588272914.0, ""total_assets"": 200598655166.0, ""total_liabilities"": 112766265971.0, ""total_equity"": 87832389195.0, ""operating_cf"": 3567483353.0}","[[""sga_ratio"", 15.73340231832929], [""operating_margin"", -14.476593026999964], [""revenue_growth"", -8.515133094473876]]"
00238782,2023,20240321001853,정상,12,37.27429348700102,35.824046691699046,1,"{""revenue"": 10334025110546.0, ""cogs"": 8888687949474.0, ""operating_income"": 667942798550.0, ""sga"": 777394362522.0, ""interest_expense"": 33446891549.0, ""net_income"": 442895796585.0, ""trade_receivables"": 109648857949.0, ""inventory"": 5619545856.0, ""total_assets"": 53939863207453.0, ""total_liabilities"": 48223589793288.0, ""total_equity"": 5716273414165.0, ""operating_cf"": -2035425914358.0}","[[""inventory_turnover"", 95.72205016738329], [""receivables_turnover"", 7.508470514792365], [""debt_ratio"", 4.241619392921471]]"
00249982,2022,20230323001409,정상,12,5.061204813930778,5.061204813930778,1,"{""revenue"": 93816087048.0, ""cogs"": 70885243262.0, ""operating_income"": -26845562593.0, ""sga"": 49776406379.0, ""interest_expense"": 15479507003.0, ""net_income"": -41916606098.0, ""trade_receivables"": 30846948570.0, ""inventory"": 1714006183.0, ""total_assets"": 220671725870.0, ""total_liabilities"": 38247330896.0, ""total_equity"": 182424394974.0, ""operating_cf"": 14837102187.0}","[[""total_accruals_ratio"", -6.179040914682135], [""interest_coverage"", -4.626917966035246], [""oi_cfo_gap_ratio"", -4.3776555610749535]]"
00261285,2023,20240320002056,정상,12,5.526514264341485,4.862323281971231,1,"{""revenue"": 44555995015027.0, ""cogs"": 42598871940722.0, ""operating_income"": 1553418857598.0, ""sga"": 403704216707.0, ""interest_expense"": 3030924823546.0, ""net_income"": -747428633334.0, ""trade_receivables"": 6563120000000.0, ""inventory"": 5043153969807.0, ""total_assets"": 57254666338284.0, ""total_liabilities"": 47428628235286.0, ""total_equity"": 9826038102998.0, ""operating_cf"": 5885553657430.0}","[[""total_accruals_ratio"", -5.734295654925643], [""revenue_growth"", -4.592246130763155], [""oi_cfo_gap_ratio"", -4.260428060224894]]"
00263654,2022,20230317000843,정상,12,6.662929292025363,6.662929292025363,1,"{""revenue"": 5062376493.0, ""cogs"": 2023733565.0, ""operating_income"": -28638371344.0, ""sga"": 8334190620.0, ""interest_expense"": 316400169.0, ""net_income"": -27773705664.0, ""trade_receivables"": 1860387824.0, ""inventory"": 1267216347.0, ""total_assets"": 143735698279.0, ""total_liabilities"": 21914692257.0, ""total_equity"": 121821006022.0, ""operating_cf"": -26420974927.0}","[[""operating_margin"", -9.520438440295834], [""interest_coverage"", 6.896570036235283], [""oi_cfo_gap_ratio"", 3.571779399544971]]"
00295857,2022,20230323001218,정상,12,5.754117520649018,5.754117520649018,1,"{""revenue"": 309738210323.0, ""cogs"": 260829841903.0, ""operating_income"": 9415134942.0, ""sga"": 39493233478.0, ""interest_expense"": 15929784966.0, ""net_income"": -17952467845.0, ""trade_receivables"": 45630576577.0, ""inventory"": 74899067791.0, ""total_assets"": 453942342971.0, ""total_liabilities"": 440894399016.0, ""total_equity"": 13047943955.0, ""operating_cf"": 14498173409.0}","[[""debt_ratio"", 16.229494643225777], [""total_accruals_ratio"", -0.6533066766158725], [""sga_ratio"", 0.37955124210540403]]"
00304076,2023,20240318000922,정상,12,8.339588975449058,8.34285202891702,1,"{""revenue"": 417441558585.0, ""cogs"": 364043611785.0, ""operating_income"": 18467923097.0, ""sga"": 34930023703.0, ""interest_expense"": 4375130345.0, ""net_income"": 11265591096.0, ""trade_receivables"": 64896068755.0, ""inventory"": 2551758453.0, ""total_assets"": 396459542336.0, ""total_liabilities"": 226961284973.0, ""total_equity"": 169498257363.0, ""operating_cf"": -9362548371.0}","[[""inventory_turnover"", 22.88283567347181], [""oi_cfo_gap_ratio"", 1.271213953888778], [""total_accruals_ratio"", 0.8745064593904729]]"
00304076,2025,20260319000905,정상,12,9.057645128532519,9.070769826308938,1,"{""revenue"": 463537032859.0, ""cogs"": 480400479045.0, ""operating_income"": -62011659027.0, ""sga"": 45148212841.0, ""interest_expense"": 5171357326.0, ""net_income"": -54413352990.0, ""trade_receivables"": 87267257264.0, ""inventory"": 3359307307.0, ""total_assets"": 387675478988.0, ""total_liabilities"": 263780838342.0, ""total_equity"": 123894640646.0, ""operating_cf"": -35913563936.0}","[[""inventory_turnover"", 22.961679406490862], [""interest_coverage"", -3.0370545593988476], [""debt_ratio"", 1.2135755130371055]]"
00306162,2021,20220321001249,정상,12,5.390211664788865,5.390211664788865,1,"{""revenue"": 569033843506.0, ""cogs"": 353530419188.0, ""operating_income"": 132130238376.0, ""sga"": 83373185942.0, ""interest_expense"": 2102977185.0, ""net_income"": 102255771542.0, ""trade_receivables"": 2341224164300.0, ""inventory"": 14054324451.0, ""total_assets"": 5745403479122.0, ""total_liabilities"": 4943807816111.0, ""total_equity"": 801595663011.0, ""operating_cf"": 278398972578.0}","[[""interest_coverage"", 7.356185734927597], [""debt_ratio"", 4.551760125415139], [""operating_margin"", 4.2626891340238595]]"
00306719,2021,20220315001148,정상,12,6.35893712711825,6.35893712711825,1,"{""revenue"": 330654772310.0, ""cogs"": 319791525784.0, ""operating_income"": -45928041253.0, ""sga"": 56791287779.0, ""interest_expense"": 311118113.0, ""net_income"": -34836696526.0, ""trade_receivables"": 73012138459.0, ""inventory"": 79787413655.0, ""total_assets"": 249552413144.0, ""total_liabilities"": 122658548613.0, ""total_equity"": 126893864531.0, ""operating_cf"": -46457895170.0}","[[""interest_coverage"", -16.381333565426715], [""operating_margin"", -1.6981511022208022], [""gp_margin"", -0.9973267137072354]]"
00313649,2021,20220321001464,정상,12,7.747014165335269,7.747014165335269,1,"{""revenue"": 9241494499.0, ""cogs"": 5720730332.0, ""operating_income"": -9770057431.0, ""sga"": 13290821598.0, ""interest_expense"": 3002806179.0, ""net_income"": -20051086939.0, ""trade_receivables"": 9132733756.0, ""inventory"": 3349866988.0, ""total_assets"": 80528215833.0, ""total_liabilities"": 18957443929.0, ""total_equity"": 61570771904.0, ""operating_cf"": -538477007.0}","[[""operating_margin"", -12.446966284930758], [""sga_ratio"", 8.19330560871673], [""total_accruals_ratio"", -2.6007706023583195]]"
00325112,2021,20220321001424,정상,12,22.126743205083102,22.126743205083102,1,"{""revenue"": 173996810089.0, ""cogs"": 105722955773.0, ""operating_income"": 50332600007.0, ""sga"": 17941254309.0, ""interest_expense"": 95685144.0, ""net_income"": 47074768147.0, ""trade_receivables"": 40467064082.0, ""inventory"": 44488423057.0, ""total_assets"": 285629155448.0, ""total_liabilities"": 34564151711.0, ""total_equity"": 251065003737.0, ""operating_cf"": 19814934159.0}","[[""interest_coverage"", 63.18132824170937], [""operating_margin"", 1.873111540743922], [""gp_margin"", 1.325789832796006]]"
00325112,2023,20240319000850,정상,12,5.2375979123008936,5.145584454204412,1,"{""revenue"": 156071199156.0, ""cogs"": 111341444548.0, ""operating_income"": 17432961864.0, ""sga"": 27296792744.0, ""interest_expense"": 1238483931.0, ""net_income"": 17091144488.0, ""trade_receivables"": 35840108594.0, ""inventory"": 57003970269.0, ""total_assets"": 362325689771.0, ""total_liabilities"": 47924003839.0, ""total_equity"": 314401685932.0, ""operating_cf"": 25923735944.0}","[[""interest_coverage"", -14.266248119360512], [""revenue_growth"", -0.7365501419051055], [""oi_cfo_gap_ratio"", -0.4339551013476197]]"
00367844,2022,20230316001505,정상,12,7.423591199316888,7.423591199316888,1,"{""revenue"": 2479010932945.0, ""cogs"": 2181619544077.0, ""operating_income"": 198896062736.0, ""sga"": 98495326132.0, ""interest_expense"": 13068269544.0, ""net_income"": 151898862071.0, ""trade_receivables"": 925443659988.0, ""inventory"": 34255722046.0, ""total_assets"": 1952688130478.0, ""total_liabilities"": 1230633742673.0, ""total_equity"": 722054387805.0, ""operating_cf"": -123118805961.0}","[[""revenue_growth"", 11.591051052959006], [""inventory_turnover"", 6.23788159944415], [""interest_coverage"", 4.441840945547509]]"
00367844,2023,20240321000532,정상,12,5.353010997568741,4.592136831711827,0,"{""revenue"": 2374632695604.0, ""cogs"": 2166736160408.0, ""operating_income"": 126591961231.0, ""sga"": 81304573965.0, ""interest_expense"": 16780444789.0, ""net_income"": 94998070797.0, ""trade_receivables"": 467898630133.0, ""inventory"": 18676387514.0, ""total_assets"": 1569164880846.0, ""total_liabilities"": 775629628554.0, ""total_equity"": 793535252292.0, ""operating_cf"": 380608479940.0}","[[""revenue_growth"", -6.303781819543738], [""oi_cfo_gap_ratio"", -4.277809130063147], [""total_accruals_ratio"", -3.194819545528596]]"
00378220,2022,20230407002564,정상,12,5.019581780289042,5.063223427964731,1,"{""revenue"": 44648236827.0, ""cogs"": 29170625313.0, ""operating_income"": -7019567432.0, ""sga"": 22497178946.0, ""interest_expense"": 243854283659.0, ""net_income"": -195606053299.0, ""trade_receivables"": 8384963139.0, ""inventory"": 5589127241.0, ""total_assets"": 313551523652.0, ""total_liabilities"": 184300639634.0, ""total_equity"": 129250884018.0, ""operating_cf"": -15519160694.0}","[[""total_accruals_ratio"", -6.3246320198716655], [""operating_margin"", -5.468709648302821], [""sga_ratio"", 3.3963286157197063]]"
00389998,2024,20250318000911,정상,12,7.870910310323623,7.68035251385567,1,"{""revenue"": 183420712030.0, ""cogs"": 188773252361.0, ""operating_income"": -50733737756.0, ""sga"": 45381197425.0, ""interest_expense"": 7498299112.0, ""net_income"": -77910974429.0, ""trade_receivables"": 18363271608.0, ""inventory"": 0.0, ""total_assets"": 176176845822.0, ""total_liabilities"": 111872358663.0, ""total_equity"": 64304487159.0, ""operating_cf"": 29006254532.0}","[[""oi_cfo_gap_ratio"", -10.026267553844773], [""total_accruals_ratio"", -8.65163421945995], [""revenue_growth"", -4.363155768262286]]"
00399694,2024,20250320001172,정상,10,5.0011209204714975,4.669315908923684,0,"{""revenue"": 413178446964.0, ""cogs"": null, ""operating_income"": 113506476450.0, ""sga"": null, ""interest_expense"": 879314186.0, ""net_income"": 102423309023.0, ""trade_receivables"": 115457045000.0, ""inventory"": 101007122.0, ""total_assets"": 715724798333.0, ""total_liabilities"": 333300172487.0, ""total_equity"": 382424625846.0, ""operating_cf"": 157459816632.0}","[[""interest_coverage"", 12.859368457748255], [""operating_margin"", 0.6961901495901804], [""oi_cfo_gap_ratio"", -0.4523891194326156]]"
00405278,2021,20220315001248,정상,12,9.614965092112792,9.614965092112792,1,"{""revenue"": 306463829244.0, ""cogs"": 204758079311.0, ""operating_income"": 47500748499.0, ""sga"": 52806705931.0, ""interest_expense"": 1420338521.0, ""net_income"": 29378687839.0, ""trade_receivables"": 22250991838.0, ""inventory"": 90801995.0, ""total_assets"": 491220860107.0, ""total_liabilities"": 194447856753.0, ""total_equity"": 296773003354.0, ""operating_cf"": 83140704561.0}","[[""inventory_turnover"", 25.77026053900297], [""interest_coverage"", 1.6745532600392221], [""receivables_turnover"", 1.400081477296184]]"
00483735,2021,20220322001150,정상,12,7.563835853055521,7.563835853055521,1,"{""revenue"": 140844995312.0, ""cogs"": 137785706839.0, ""operating_income"": -7406664854.0, ""sga"": 10465953327.0, ""interest_expense"": 6063120489.0, ""net_income"": -38071056496.0, ""trade_receivables"": 22492500453.0, ""inventory"": 3262613088.0, ""total_assets"": 99447001519.0, ""total_liabilities"": 49814350991.0, ""total_equity"": 49632650528.0, ""operating_cf"": -45213441901.0}","[[""inventory_turnover"", 16.797985065234776], [""oi_cfo_gap_ratio"", 4.475660677828833], [""gp_margin"", -1.4178618161029546]]"
00527491,2025,20260323001738,정상,12,55.65581455613924,55.65581455613924,1,"{""revenue"": 3368949713.0, ""cogs"": 12093998275.0, ""operating_income"": -15061982581.0, ""sga"": 6336934019.0, ""interest_expense"": 910951647.0, ""net_income"": -34672551082.0, ""trade_receivables"": 813095667.0, ""inventory"": 976540349.0, ""total_assets"": 81924389316.0, ""total_liabilities"": 19548569957.0, ""total_equity"": 62375819359.0, ""operating_cf"": -10172805609.0}","[[""operating_margin"", -78.97787819953484], [""gp_margin"", -65.57829317325364], [""sga_ratio"", 22.411272295629235]]"
00542898,2022,20230313000939,정상,12,8.150453955134056,8.14606982996345,1,"{""revenue"": 28916370019.0, ""cogs"": 26692032244.0, ""operating_income"": 688491782.0, ""sga"": 1535845993.0, ""interest_expense"": 1194471958.0, ""net_income"": 789574954.0, ""trade_receivables"": 9568702285.0, ""inventory"": 2385137163.0, ""total_assets"": 18620136157.0, ""total_liabilities"": 3017222604.0, ""total_equity"": 15602913553.0, ""operating_cf"": -3530306803.0}","[[""revenue_growth"", 17.349847837807058], [""total_accruals_ratio"", 4.053419451285626], [""operating_margin"", 3.034942200797665]]"
00544577,2021,20220318000277,정상,12,34.55817955562869,34.55817955562869,1,"{""revenue"": 178054009170.0, ""cogs"": 100688912536.0, ""operating_income"": 54019004804.0, ""sga"": 23346091830.0, ""interest_expense"": 72674577.0, ""net_income"": 46458261444.0, ""trade_receivables"": 2813685541.0, ""inventory"": 39276459700.0, ""total_assets"": 145632282796.0, ""total_liabilities"": 31529068696.0, ""total_equity"": 114103214100.0, ""operating_cf"": 54058105115.0}","[[""interest_coverage"", 89.37854066320985], [""receivables_turnover"", 12.315833993038735], [""operating_margin"", 1.9801640106374983]]"
00545734,2025,20260323001369,정상,12,6.1403113400604505,6.1403113400604505,1,"{""revenue"": 41981406105.0, ""cogs"": 36470995242.0, ""operating_income"": -17138823540.0, ""sga"": 22649234403.0, ""interest_expense"": 11981095966.0, ""net_income"": -30365909971.0, ""trade_receivables"": 8595441531.0, ""inventory"": 12942318292.0, ""total_assets"": 231862994591.0, ""total_liabilities"": 136003539429.0, ""total_equity"": 95859455162.0, ""operating_cf"": -24424732856.0}","[[""operating_margin"", -9.00557154770985], [""revenue_growth"", -7.429844067992018], [""sga_ratio"", 1.9855184044794847]]"
00555874,2021,20220316000003,정상,12,8.798606392826805,8.798606392826805,1,"{""revenue"": 273079199084.0, ""cogs"": 500150257529.0, ""operating_income"": -317159495233.0, ""sga"": 90088436788.0, ""interest_expense"": 23233105077.0, ""net_income"": -272277860116.0, ""trade_receivables"": 68036921230.0, ""inventory"": 12687583845.0, ""total_assets"": 1266756061417.0, ""total_liabilities"": 1082667273848.0, ""total_equity"": 184088787569.0, ""operating_cf"": -83736410712.0}","[[""operating_margin"", -12.323664737525839], [""gp_margin"", -8.021322860447208], [""sga_ratio"", 6.050831580507371]]"
00557508,2022,20230321000076,정상,12,5.737662603326913,5.737662603326913,1,"{""revenue"": 262110551065.0, ""cogs"": 249646595815.0, ""operating_income"": -13917278200.0, ""sga"": 26381233450.0, ""interest_expense"": 15409431620.0, ""net_income"": -22744367290.0, ""trade_receivables"": 18661367407.0, ""inventory"": 2943794835.0, ""total_assets"": 609513166650.0, ""total_liabilities"": 227057758258.0, ""total_equity"": 382455408392.0, ""operating_cf"": 45767552750.0}","[[""operating_margin"", 7.292319875104602], [""interest_coverage"", 5.207875297614046], [""gp_margin"", 4.7127926372620905]]"
00627029,2023,20240321000410,정상,12,4.929436703812272,4.781583539806221,1,"{""revenue"": 13391973891.0, ""cogs"": 10002937819.0, ""operating_income"": -4392338334.0, ""sga"": 7781374406.0, ""interest_expense"": 96871174.0, ""net_income"": -5034579008.0, ""trade_receivables"": 3399403424.0, ""inventory"": 4635078226.0, ""total_assets"": 28396993613.0, ""total_liabilities"": 2909496778.0, ""total_equity"": 25487496835.0, ""operating_cf"": -1143023883.0}","[[""interest_coverage"", -10.398353875298904], [""operating_margin"", -2.177448194971349], [""sga_ratio"", 1.7689485491484127]]"
00628860,2021,20220316001366,정상,11,42.5609677670273,42.5609677670273,1,"{""revenue"": 261199905958.0, ""cogs"": 239950320074.0, ""operating_income"": 21249585884.0, ""sga"": null, ""interest_expense"": 2047010468.0, ""net_income"": 56661888520.0, ""trade_receivables"": 33214769756.0, ""inventory"": 21897923.0, ""total_assets"": 574691404617.0, ""total_liabilities"": 105815937884.0, ""total_equity"": 468875466733.0, ""operating_cf"": 28725910106.0}","[[""inventory_turnover"", 126.1775602909158], [""total_accruals_ratio"", 0.7602105808974383], [""gp_margin"", -0.7451324292686606]]"
00755739,2022,20230320000556,정상,12,7.2339723256711,7.262400678096664,1,"{""revenue"": 51459059482.0, ""cogs"": 35416992633.0, ""operating_income"": 724352897.0, ""sga"": 15317713952.0, ""interest_expense"": 1129190793.0, ""net_income"": 251398664399.0, ""trade_receivables"": 17185462787.0, ""inventory"": 14972954664.0, ""total_assets"": 163552894651.0, ""total_liabilities"": 59311362190.0, ""total_equity"": 104241532461.0, ""operating_cf"": 27088896189.0}","[[""total_accruals_ratio"", 16.199963061809328], [""revenue_growth"", -3.334960289013005], [""inventory_turnover"", -2.2522786834676576]]"
00959229,2024,20250407004180,정상,12,5.460697486724207,5.068383584457641,1,"{""revenue"": 18952234158.0, ""cogs"": 10374838444.0, ""operating_income"": -472212733.0, ""sga"": 9049608447.0, ""interest_expense"": 57966425860.0, ""net_income"": -72144262419.0, ""trade_receivables"": 2278457736.0, ""inventory"": 3983258091.0, ""total_assets"": 51743575311.0, ""total_liabilities"": 30265618859.0, ""total_equity"": 21477956452.0, ""operating_cf"": 2541128797.0}","[[""total_accruals_ratio"", -9.598551489987686], [""debt_ratio"", -5.103728463283532], [""oi_cfo_gap_ratio"", -0.5028708001017057]]"
00961774,2024,20250321001588,정상,12,5.717133336595746,5.546528022447359,1,"{""revenue"": 18560210791.0, ""cogs"": 25718712300.0, ""operating_income"": -32244174319.0, ""sga"": 25085672810.0, ""interest_expense"": 10356134939.0, ""net_income"": -22739003198.0, ""trade_receivables"": 7560965547.0, ""inventory"": 12599302664.0, ""total_assets"": 160639757471.0, ""total_liabilities"": 86087550491.0, ""total_equity"": 74552206980.0, ""operating_cf"": -31314418800.0}","[[""operating_margin"", -9.42961222538785], [""sga_ratio"", 3.903507502450052], [""gp_margin"", -3.3064643395041755]]"
00977650,2021,20220321001433,정상,12,11.334963728853035,11.334963728853035,1,"{""revenue"": 13020252251.0, ""cogs"": 3734225731.0, ""operating_income"": -47440426375.0, ""sga"": 56726452895.0, ""interest_expense"": 6383391437.0, ""net_income"": -51078962327.0, ""trade_receivables"": 4019431715.0, ""inventory"": 2917732623.0, ""total_assets"": 180600794102.0, ""total_liabilities"": 60698811676.0, ""total_equity"": 119901982426.0, ""operating_cf"": -34155324138.0}","[[""operating_margin"", -17.14072006763624], [""sga_ratio"", 15.703187283746097], [""gp_margin"", 1.1609838351767705]]"
00977650,2023,20240405003842,정상,12,16.300450719300862,7.742754590580913,1,"{""revenue"": 10769161479.0, ""cogs"": 2154178699.0, ""operating_income"": -60829063838.0, ""sga"": 69444046618.0, ""interest_expense"": 43874906941.0, ""net_income"": -36238061402.0, ""trade_receivables"": 5772628277.0, ""inventory"": 3514208829.0, ""total_assets"": 184388713153.0, ""total_liabilities"": 72306879342.0, ""total_equity"": 112081833811.0, ""operating_cf"": -22231629321.0}","[[""sga_ratio"", 10.547323622558949], [""operating_margin"", -9.717506317343625], [""oi_cfo_gap_ratio"", -2.963433831840165]]"
00994994,2023,20240408004080,정상,12,34.42942070631372,8.977601653095405,1,"{""revenue"": 88076437797.0, ""cogs"": 77008466770.0, ""operating_income"": 1622778490.0, ""sga"": 9445192537.0, ""interest_expense"": 3842575352.0, ""net_income"": -5300247585.0, ""trade_receivables"": 5169846330.0, ""inventory"": 17114204089.0, ""total_assets"": 67785020185.0, ""total_liabilities"": 59447260938.0, ""total_equity"": 8337759247.0, ""operating_cf"": 217240918.0}","[[""debt_ratio"", -24.007501280824066], [""oi_cfo_gap_ratio"", 1.7009567965804349], [""receivables_turnover"", 1.2243468818817151]]"
00995993,2021,20220322000979,정상,12,6.835128112174812,6.835128112174812,1,"{""revenue"": 7469834503.0, ""cogs"": 6809484762.0, ""operating_income"": -4785958794.0, ""sga"": 5446308535.0, ""interest_expense"": 218320287.0, ""net_income"": -7884203324.0, ""trade_receivables"": 1599361151.0, ""inventory"": 1304087303.0, ""total_assets"": 41254556110.0, ""total_liabilities"": 7476787865.0, ""total_equity"": 33777768245.0, ""operating_cf"": -2759667183.0}","[[""operating_margin"", -15.630822038880941], [""sga_ratio"", 3.2280364965577513], [""interest_coverage"", -1.6465258010857418]]"
00995993,2022,20230321001319,정상,12,7.805400014651902,7.805400014651902,1,"{""revenue"": 32184379157.0, ""cogs"": 22120385709.0, ""operating_income"": 2634286404.0, ""sga"": 7429707044.0, ""interest_expense"": 5072755097.0, ""net_income"": -969805407.0, ""trade_receivables"": 9042308226.0, ""inventory"": 2444555088.0, ""total_assets"": 85950774592.0, ""total_liabilities"": 51600077648.0, ""total_equity"": 34350696944.0, ""operating_cf"": 865546388.0}","[[""revenue_growth"", 11.8444516832607], [""operating_margin"", 8.773718302821495], [""debt_ratio"", 2.7980300578735084]]"
01020843,2022,20230321001377,정상,11,5.813755020396518,5.807842126965656,1,"{""revenue"": 288843655010.0, ""cogs"": 240366010770.0, ""operating_income"": 3947745331.0, ""sga"": 44529898909.0, ""interest_expense"": null, ""net_income"": 30378495.0, ""trade_receivables"": 72453463662.0, ""inventory"": 150041607680.0, ""total_assets"": 411777275726.0, ""total_liabilities"": 297145004018.0, ""total_equity"": 114632271708.0, ""operating_cf"": -26315149126.0}","[[""revenue_growth"", 14.626226413821476], [""debt_ratio"", 1.8156507718598618], [""oi_cfo_gap_ratio"", 0.9816491952156281]]"
01025644,2021,20220316001414,정상,12,6.9778439016129505,6.9778439016129505,1,"{""revenue"": 12404664762.0, ""cogs"": 9715792255.0, ""operating_income"": -22735544454.0, ""sga"": 25424416961.0, ""interest_expense"": 1144599687.0, ""net_income"": -21826783594.0, ""trade_receivables"": 5006039110.0, ""inventory"": 763768689.0, ""total_assets"": 103147835598.0, ""total_liabilities"": 37144831355.0, ""total_equity"": 66003004243.0, ""operating_cf"": -16993513914.0}","[[""operating_margin"", -8.689028987343455], [""sga_ratio"", 6.647470987762218], [""inventory_turnover"", 5.597031729733178]]"
01031229,2023,20240401003960,정상,12,46.136711100307735,46.136711100307735,1,"{""revenue"": 2698330828.0, ""cogs"": 2829617517.0, ""operating_income"": -7328519918.0, ""sga"": 7197233229.0, ""interest_expense"": 1981413617.0, ""net_income"": -9225595749.0, ""trade_receivables"": 2306322469.0, ""inventory"": 860654209.0, ""total_assets"": 37531815221.0, ""total_liabilities"": 37122794015.0, ""total_equity"": 409021206.0, ""operating_cf"": -2244412564.0}","[[""debt_ratio"", 127.35642398805237], [""operating_margin"", -6.083056128225903], [""sga_ratio"", 4.970653184644945]]"
01047840,2022,20230314001303,정상,11,6.206053187502422,6.144864020219114,1,"{""revenue"": 77157401313.0, ""cogs"": 69716425978.0, ""operating_income"": 7440975335.0, ""sga"": null, ""interest_expense"": 7210104820.0, ""net_income"": 3135273021.0, ""trade_receivables"": 7590922726.0, ""inventory"": 324207195.0, ""total_assets"": 136410230389.0, ""total_liabilities"": 68160009014.0, ""total_equity"": 68250221375.0, ""operating_cf"": 8244729197.0}","[[""inventory_turnover"", -15.710839682697188], [""debt_ratio"", 1.46613341977893], [""interest_coverage"", -1.2576189581812223]]"
01049167,2024,20250321001931,정상,12,5.38765463323436,5.256608392386954,1,"{""revenue"": 4640103575.0, ""cogs"": 10658083052.0, ""operating_income"": -19234571811.0, ""sga"": 13216592334.0, ""interest_expense"": 5235207811.0, ""net_income"": -31803344229.0, ""trade_receivables"": 2642919594.0, ""inventory"": 6973230168.0, ""total_assets"": 54466556163.0, ""total_liabilities"": 28581379055.0, ""total_equity"": 25885177108.0, ""operating_cf"": -10695980253.0}","[[""operating_margin"", -9.302499677906097], [""sga_ratio"", 4.0417717778693865], [""gp_margin"", -2.4255537213853784]]"
01049422,2022,20230322000655,정상,9,9.684091234954638,9.69258661746197,1,"{""revenue"": 12519373509.0, ""cogs"": null, ""operating_income"": -16478666060.0, ""sga"": null, ""interest_expense"": 127495165.0, ""net_income"": -21450141606.0, ""trade_receivables"": 831126522.0, ""inventory"": null, ""total_assets"": 47939612884.0, ""total_liabilities"": 13516264827.0, ""total_equity"": 34423348057.0, ""operating_cf"": -11879263492.0}","[[""interest_coverage"", -17.41533129521733], [""operating_margin"", -7.576933635143835], [""total_accruals_ratio"", -4.085494922024745]]"
01051092,2021,20220330001838,정상,12,4.9780291492084885,4.9780291492084885,1,"{""revenue"": 46147521837.0, ""cogs"": 57325116477.0, ""operating_income"": -25766376299.0, ""sga"": 14588781659.0, ""interest_expense"": 10017737691.0, ""net_income"": -31672222151.0, ""trade_receivables"": 1752734953.0, ""inventory"": 21715301612.0, ""total_assets"": 79295336895.0, ""total_liabilities"": 62666674890.0, ""total_equity"": 16628662005.0, ""operating_cf"": -16224740219.0}","[[""receivables_turnover"", 7.0188453708885845], [""debt_ratio"", 5.174782229849431], [""operating_margin"", -2.74045984688745]]"
01099667,2023,20240328001882,정상,12,5.246991260329186,5.199475079012955,1,"{""revenue"": 46942769396.0, ""cogs"": 27145812852.0, ""operating_income"": -13655499521.0, ""sga"": 33452456065.0, ""interest_expense"": 4376604005.0, ""net_income"": -6006820648.0, ""trade_receivables"": 2889389436.0, ""inventory"": 6897529286.0, ""total_assets"": 76122613991.0, ""total_liabilities"": 31012941552.0, ""total_equity"": 45109672439.0, ""operating_cf"": -3115382738.0}","[[""debt_ratio"", -10.594103119960089], [""total_accruals_ratio"", 3.436268805989904], [""sga_ratio"", 1.5680533110888724]]"
01110182,2023,20240321001815,정상,12,11.425630959689185,10.921594802323538,1,"{""revenue"": 1322103893.0, ""cogs"": 1113689618.0, ""operating_income"": -4017181890.0, ""sga"": 4225596165.0, ""interest_expense"": 730770636.0, ""net_income"": -5025557886.0, ""trade_receivables"": 663262339.0, ""inventory"": 264873342.0, ""total_assets"": 30157901855.0, ""total_liabilities"": 11255033391.0, ""total_equity"": 18902868464.0, ""operating_cf"": -2819429265.0}","[[""revenue_growth"", 14.235147870754723], [""sga_ratio"", -9.582695096521949], [""operating_margin"", 8.94694143969394]]"
01136001,2025,20260323001511,정상,12,5.001314617468617,4.979290128843014,1,"{""revenue"": 5976639350.0, ""cogs"": 4751841573.0, ""operating_income"": -6580662725.0, ""sga"": 7805460502.0, ""interest_expense"": 3734286938.0, ""net_income"": -5563397400.0, ""trade_receivables"": 1607075317.0, ""inventory"": 4661786807.0, ""total_assets"": 44973138429.0, ""total_liabilities"": 17552823277.0, ""total_equity"": 27420315152.0, ""operating_cf"": -11622409028.0}","[[""operating_margin"", -7.344971897877713], [""sga_ratio"", 4.321692028364396], [""oi_cfo_gap_ratio"", 3.2712064602869324]]"
01150515,2022,20230323001379,정상,11,5.062780319907763,5.062780319907763,1,"{""revenue"": 87994198408.0, ""cogs"": 52978407473.0, ""operating_income"": 25586563219.0, ""sga"": 9429227716.0, ""interest_expense"": 7363058358.0, ""net_income"": 26830121997.0, ""trade_receivables"": 9264691377.0, ""inventory"": null, ""total_assets"": 320645551829.0, ""total_liabilities"": 213606791161.0, ""total_equity"": 107038760668.0, ""operating_cf"": 11573631725.0}","[[""operating_margin"", 8.061357912519226], [""gp_margin"", 5.4710642228848165], [""sga_ratio"", 1.6559188243192462]]"
01182550,2025,20260407003694,정상,11,5.1542021829085805,5.316058079239859,1,"{""revenue"": 7886099045.0, ""cogs"": 4814858382.0, ""operating_income"": -1596857542.0, ""sga"": 4668098205.0, ""interest_expense"": null, ""net_income"": 28242487129.0, ""trade_receivables"": 1522977244.0, ""inventory"": 637708834.0, ""total_assets"": 44013439206.0, ""total_liabilities"": 66538880629.0, ""total_equity"": -22525441423.0, ""operating_cf"": 3495737645.0}","[[""total_accruals_ratio"", 12.141954388761695], [""debt_ratio"", -2.994242218521916], [""revenue_growth"", -0.811977630435966]]"
01256864,2023,20240314001204,정상,9,13.314978571466796,13.078422540341753,1,"{""revenue"": 65547054627.0, ""cogs"": null, ""operating_income"": -2617101131.0, ""sga"": null, ""interest_expense"": 5787079252.0, ""net_income"": -2646663290.0, ""trade_receivables"": 276682197.0, ""inventory"": null, ""total_assets"": 160144371976.0, ""total_liabilities"": 86065261491.0, ""total_equity"": 74079110485.0, ""operating_cf"": -28361974590.0}","[[""receivables_turnover"", 28.305537734844552], [""oi_cfo_gap_ratio"", 6.230097968260648], [""total_accruals_ratio"", 4.6996319179200565]]"
01259232,2022,20230316000893,정상,12,153.51601741314406,153.66571176393163,1,"{""revenue"": 110494315651.0, ""cogs"": 65514813889.0, ""operating_income"": 26470752477.0, ""sga"": 18508749285.0, ""interest_expense"": 11966209.0, ""net_income"": 14263729951.0, ""trade_receivables"": 5941950899.0, ""inventory"": 5414271595.0, ""total_assets"": 145602337751.0, ""total_liabilities"": 12741141344.0, ""total_equity"": 132861196407.0, ""operating_cf"": 43690108005.0}","[[""interest_coverage"", 455.9865599387251], [""total_accruals_ratio"", -2.828978232481268], [""oi_cfo_gap_ratio"", -2.181597120588508]]"
01259418,2024,20250321001796,정상,12,6.483269009385977,6.841745237491168,1,"{""revenue"": 28393852143.0, ""cogs"": 29940410876.0, ""operating_income"": -9797081300.0, ""sga"": 8250522567.0, ""interest_expense"": 173914122.0, ""net_income"": -15756810425.0, ""trade_receivables"": 2037112526.0, ""inventory"": 32908710313.0, ""total_assets"": 82075738955.0, ""total_liabilities"": 29274470576.0, ""total_equity"": 52801268379.0, ""operating_cf"": -903114784.0}","[[""interest_coverage"", -14.455064952642655], [""operating_margin"", -4.062936067765414], [""gp_margin"", -2.007234692065433]]"
01267684,2021,20220322001148,정상,12,5.286236927271877,5.286236927271877,1,"{""revenue"": 893242238382.0, ""cogs"": 303813273729.0, ""operating_income"": 178635561823.0, ""sga"": 410793402830.0, ""interest_expense"": 1047740685.0, ""net_income"": 169181833611.0, ""trade_receivables"": 186360322775.0, ""inventory"": 35667118387.0, ""total_assets"": 969414332798.0, ""total_liabilities"": 269738601569.0, ""total_equity"": 699675731229.0, ""operating_cf"": 40590934775.0}","[[""interest_coverage"", 7.314813192006338], [""gp_margin"", 6.510882750841428], [""oi_cfo_gap_ratio"", 2.033014838967865]]"
01274310,2024,20250324000004,정상,12,24.271838175340545,23.988643212844092,1,"{""revenue"": 5030925027.0, ""cogs"": 7512129697.0, ""operating_income"": -61009582100.0, ""sga"": 58528377430.0, ""interest_expense"": 6387485255.0, ""net_income"": -64725973069.0, ""trade_receivables"": 1172241224.0, ""inventory"": 2416860695.0, ""total_assets"": 57592868626.0, ""total_liabilities"": 52135667463.0, ""total_equity"": 5457201163.0, ""operating_cf"": -41683458786.0}","[[""operating_margin"", -36.199052558464324], [""sga_ratio"", 23.58209246751384], [""debt_ratio"", 12.184784612554115]]"
01276026,2021,20220321001379,정상,12,231.43752689666636,231.43752689666636,1,"{""revenue"": 451245828.0, ""cogs"": 77006262.0, ""operating_income"": -36087037083.0, ""sga"": 36461276649.0, ""interest_expense"": 530469305.0, ""net_income"": -36003576452.0, ""trade_receivables"": 759215533.0, ""inventory"": 1326939259.0, ""total_assets"": 137216324903.0, ""total_liabilities"": 23815855377.0, ""total_equity"": 113400469526.0, ""operating_cf"": -26158733262.0}","[[""operating_margin"", -373.4013084043343], [""sga_ratio"", 315.7465832114683], [""interest_coverage"", -5.16468907419652]]"
01290248,2021,20220323000018,정상,10,11.42387316504289,25.280175763911355,1,"{""revenue"": null, ""cogs"": null, ""operating_income"": -3253645177.0, ""sga"": 9367065020.0, ""interest_expense"": 204103582.0, ""net_income"": -3513321977.0, ""trade_receivables"": 348775763.0, ""inventory"": 353330895.0, ""total_assets"": 5822592370.0, ""total_liabilities"": 5974749703.0, ""total_equity"": -152157333.0, ""operating_cf"": -856345912.0}","[[""debt_ratio"", -63.90092222091242], [""oi_cfo_gap_ratio"", -7.09500007273715], [""total_accruals_ratio"", -4.844604998084487]]"
01290248,2022,20230322001208,정상,10,6.628621477909111,6.562754163530747,1,"{""revenue"": null, ""cogs"": null, ""operating_income"": -4634920334.0, ""sga"": 8278234226.0, ""interest_expense"": 192760992.0, ""net_income"": -4448448680.0, ""trade_receivables"": 701943694.0, ""inventory"": 181413191.0, ""total_assets"": 29723813206.0, ""total_liabilities"": 4242559322.0, ""total_equity"": 25481253884.0, ""operating_cf"": -4322801369.0}","[[""debt_ratio"", 12.12735060926813], [""oi_cfo_gap_ratio"", 4.192159586700813], [""total_accruals_ratio"", 3.3687522946232993]]"
01310269,2022,20230316001400,정상,12,26.517290922447454,26.517290922447454,1,"{""revenue"": 3298299641730.0, ""cogs"": 2981849268027.0, ""operating_income"": 116379700606.0, ""sga"": 201099284541.0, ""interest_expense"": 242228634.0, ""net_income"": 50219958316.0, ""trade_receivables"": 381577192920.0, ""inventory"": 1574761815969.0, ""total_assets"": 7336326609377.0, ""total_liabilities"": 4434454285936.0, ""total_equity"": 2901872323441.0, ""operating_cf"": -1735144768653.0}","[[""interest_coverage"", 74.8864681180102], [""oi_cfo_gap_ratio"", 2.6769801030948916], [""total_accruals_ratio"", 1.9884245462372665]]"
01310269,2023,20240320002042,정상,12,8.323491961476234,8.219040141832517,1,"{""revenue"": 4190788148341.0, ""cogs"": 3810050687143.0, ""operating_income"": 195313165155.0, ""sga"": 185879206062.0, ""interest_expense"": 1142433141.0, ""net_income"": 172890219224.0, ""trade_receivables"": 670988111500.0, ""inventory"": 1507391138497.0, ""total_assets"": 7016268809820.0, ""total_liabilities"": 4008251615125.0, ""total_equity"": 3008017194695.0, ""operating_cf"": 640164749834.0}","[[""interest_coverage"", -20.09131851231143], [""total_accruals_ratio"", -2.357143650703846], [""oi_cfo_gap_ratio"", -2.208658262482271]]"
01387164,2023,20240321001931,정상,9,20.267727983828568,20.080132875492108,1,"{""revenue"": null, ""cogs"": null, ""operating_income"": -13228301461.0, ""sga"": 13443552735.0, ""interest_expense"": 36185294.0, ""net_income"": -12403429287.0, ""trade_receivables"": 412903890.0, ""inventory"": null, ""total_assets"": 25008602288.0, ""total_liabilities"": 6012496717.0, ""total_equity"": 18996105571.0, ""operating_cf"": -13009565097.0}","[[""interest_coverage"", -59.155627590234445], [""total_accruals_ratio"", 0.6458518101759398], [""debt_ratio"", -0.438919226065945]]"
01488320,2025,20260316001432,정상,12,6.549448722270892,4.401854079455578,0,"{""revenue"": 33194030028.0, ""cogs"": 36609819344.0, ""operating_income"": -22174111983.0, ""sga"": 18758322667.0, ""interest_expense"": 1550964711.0, ""net_income"": -15848684203.0, ""trade_receivables"": 1238245000.0, ""inventory"": 34960473471.0, ""total_assets"": 211681385365.0, ""total_liabilities"": 85016038674.0, ""total_equity"": 126665346691.0, ""operating_cf"": 5751000979.0}","[[""receivables_turnover"", -4.483133460784139], [""operating_margin"", -4.4474093675024555], [""interest_coverage"", -4.275019410080139]]"
01492217,2025,20260319001164,정상,12,7.400236470999907,7.269966500921921,1,"{""revenue"": 1948989102.0, ""cogs"": 3903681543.0, ""operating_income"": -10851766656.0, ""sga"": 8897074215.0, ""interest_expense"": 314583851.0, ""net_income"": -10927088630.0, ""trade_receivables"": 129748699.0, ""inventory"": 1327450003.0, ""total_assets"": 15721418187.0, ""total_liabilities"": 8583323043.0, ""total_equity"": 7138095144.0, ""operating_cf"": -9502028784.0}","[[""operating_margin"", -10.072238534234716], [""sga_ratio"", 8.001269537002544], [""interest_coverage"", -3.736391431528502]]"
01494118,2021,20220322001033,정상,11,25.121410507507047,25.121410507507047,1,"{""revenue"": 1475308837.0, ""cogs"": 1094378945.0, ""operating_income"": -11437907619.0, ""sga"": 11818837511.0, ""interest_expense"": null, ""net_income"": -12313091658.0, ""trade_receivables"": 363042674.0, ""inventory"": 1879411136.0, ""total_assets"": 19961121746.0, ""total_liabilities"": 18104108143.0, ""total_equity"": 1857013603.0, ""operating_cf"": -10550450588.0}","[[""operating_margin"", -33.79032180371814], [""sga_ratio"", 28.563103982968908], [""debt_ratio"", 13.010805735834081]]"
01494118,2022,20230321000971,정상,11,71.57261949277061,71.04358427430446,1,"{""revenue"": 541878769.0, ""cogs"": 536413380.0, ""operating_income"": -15632236504.0, ""sga"": 15637701893.0, ""interest_expense"": null, ""net_income"": -13680015268.0, ""trade_receivables"": 398659147.0, ""inventory"": 2665893162.0, ""total_assets"": 25851414149.0, ""total_liabilities"": 14455726407.0, ""total_equity"": 11395687742.0, ""operating_cf"": -14513605860.0}","[[""sga_ratio"", 106.93268291918682], [""operating_margin"", -100.65027029174864], [""debt_ratio"", -5.547799611977922]]"
00163716,2025,20260326001334,정상,12,12.343486352720705,12.377722702068864,1,"{""revenue"": 8044626288.0, ""cogs"": 2457163769.0, ""operating_income"": -7776013960.0, ""sga"": 13363476479.0, ""interest_expense"": 1429472619.0, ""net_income"": 62327037865.0, ""trade_receivables"": 10881542155.0, ""inventory"": 13135108085.0, ""total_assets"": 56548380942.0, ""total_liabilities"": 46415166576.0, ""total_equity"": 10133214366.0, ""operating_cf"": -27102875240.0}","[[""total_accruals_ratio"", 20.471232450156304], [""revenue_growth"", 10.484213217574482], [""debt_ratio"", 6.177722438475806]]"
00351454,2025,20260323001275,정상,12,11.751960941422917,11.318278724539214,1,"{""revenue"": 12576496826.0, ""cogs"": 10133565148.0, ""operating_income"": -3193627067.0, ""sga"": 5636558745.0, ""interest_expense"": 3370085842.0, ""net_income"": -14309121690.0, ""trade_receivables"": 4131056168.0, ""inventory"": 1227960427.0, ""total_assets"": 19972372315.0, ""total_liabilities"": 3944716001.0, ""total_equity"": 16027656314.0, ""operating_cf"": 14832364661.0}","[[""total_accruals_ratio"", -16.041137180962522], [""oi_cfo_gap_ratio"", -15.96638332586058], [""revenue_growth"", 1.94731566679454]]"
